-0.178794,-0.0485476,0.459336
0.436774,-0.428277,1.18574
-0.278901,0.0449846,0.595507
-0.334268,-0.370806,0.978929
0.311529,-0.302082,1.19219
0.0825861,-0.147449,0.913184
-0.288722,-0.404138,1.10536
0.282041,-0.0199789,1.15425
0.503963,-0.167291,1.11155
0.0384557,-0.213729,0.895915
0.302209,0.0502889,1.02518
-0.285457,0.0465932,0.540101
0.100897,0.0490782,0.942935
-0.244695,-0.299432,1.09898
0.354325,-0.133706,1.13736
0.4567,-0.0645752,1.04994
0.426083,-0.396178,1.18137
-0.37557,-0.251135,0.862129
0.463007,0.0102151,1.01797
-0.193474,-0.218992,0.847207
-0.164767,0.17041,0.416389
0.578621,-0.382131,1.15527
0.296159,0.0198342,1.03011
0.406608,-0.027394,1.04421
0.436643,-0.135951,1.12756
-0.157621,0.0879099,0.445967
0.127619,-0.284837,1.04845
0.57205,-0.275475,1.14905
0.302977,-0.211428,1.1825
-0.0329451,0.236473,0.590094
0.0433762,0.159475,0.726699
-0.29064,-0.410782,1.12209
0.0998431,0.0485626,0.936054
0.387459,0.00863855,1.08496
-0.368166,-0.245326,0.845613
0.394425,-0.223614,1.1598
-0.186033,-0.188706,0.987469
-0.281185,0.0451295,0.598408
-0.29568,-0.117249,0.766068
-0.242786,-0.294759,1.07686
0.0682724,-0.0692263,0.839409
0.0999913,0.0800965,0.939275
-0.26408,0.0612814,0.563469
0.334245,-0.0198478,1.03495
-0.285611,-0.0130042,0.526725
0.380266,0.0576069,1.00067
-0.0112343,0.0845625,0.849268
0.407163,-0.0262699,1.0361
-0.423377,-0.337546,0.96079
0.578615,-0.378119,1.15108
0.599305,-0.304243,1.14557
-0.0217955,0.00132182,0.964328
-0.068456,0.0216114,0.964315
-0.0499933,-0.0279304,0.92988
0.0526883,-0.127587,0.882758
0.42822,-0.132989,1.11498
0.416785,-0.221874,1.15992
0.623541,-0.244695,1.13092
0.439237,-0.0541797,1.08157
0.366549,-0.28796,1.18085
0.330525,-0.372067,1.21092
0.437863,-0.064379,1.07214
0.0801811,-0.0785935,0.978805
-0.438745,-0.324099,0.912599
-0.148172,0.0867837,0.421174
-0.40068,-0.234369,0.890354
0.47072,-0.363619,1.17027
-0.0210889,-0.0277259,0.941227
-0.137882,-0.0587451,0.866565
-0.370329,-0.210338,0.820608
0.473239,0.0518667,0.994992
-0.0428702,-0.00419452,0.922291
-0.15971,0.0898942,0.45355
-0.0516012,-0.0276897,0.926511
0.469397,0.0538981,0.987489
0.40322,0.157391,0.119089
0.513808,0.0805655,0.522072
0.39716,0.171272,0.105994
0.419879,-0.260637,1.16441
-0.270522,-0.189489,0.798582
0.35221,-0.0638523,1.10119
-0.345707,-0.327832,1.01421
-0.15231,-0.433232,1.16092
-0.233033,0.116535,0.878235
-0.0208674,-0.0197696,0.899333
0.439362,-0.0518906,1.05209
-0.141447,-0.0789625,1.02758
-0.102533,0.00236635,0.772346
-0.0282983,0.0297666,0.933899
-0.016701,0.0927074,0.82637
0.401556,-0.260296,1.16977
0.052481,-0.12912,0.893502
-0.176435,-0.436391,1.14865
0.535507,-0.413009,1.17496
-0.0269132,0.0258884,0.992029
-0.430875,0.0120023,1.12757
-0.207909,0.0796674,0.456464
-0.1863,-0.0516385,0.480017
-0.378268,-0.393367,1.13429
-0.0277901,-0.135405,0.808681
-0.162804,0.0865133,0.445226
-0.178905,-0.124471,0.955554
0.106311,0.0862471,0.919406
0.0689868,0.0475006,0.950919
-0.0528472,-0.0305111,0.949794
-0.280395,0.0298491,0.594419
0.106096,0.0697469,0.920286
-0.412459,-0.327935,0.933493
0.345138,-0.32711,1.1167
-0.321315,-0.301814,0.946277
0.41821,-0.437485,1.21085
-0.334696,-0.317789,1.07483
-0.552393,-0.407443,1.1485
-0.248878,-0.304806,1.10994
0.44571,-0.21846,1.15223
0.0723496,-0.304864,1.04682
-0.154285,-0.0214171,1.12571
-0.466794,0.0115564,1.22699
-0.183413,-0.18419,0.971156
0.0352623,-0.188567,0.801436
-0.205147,0.0783784,0.45201
-0.332968,-0.317288,0.983098
0.0799281,-0.0848719,0.969572
-0.0245985,0.0894187,0.806981
-0.0209871,-0.0284374,0.974124
0.501896,-0.158149,1.11683
0.0314566,-0.160635,0.902884
0.402118,-0.0808801,1.05854
0.599691,-0.20567,1.13069
0.0970154,0.0866716,0.938956
-0.276921,-0.343237,1.18282
-0.227275,-0.0512658,0.478457
0.0827865,-0.162861,0.909933
-0.0242412,0.0260433,0.940369
0.0598256,0.048209,1.03763
-0.190441,-0.189541,0.995308
0.0965465,0.0788523,0.882889
0.0734708,-0.318759,1.0842
0.0345803,-0.202228,0.851377
0.407453,-0.120008,1.14018
0.475496,-0.340822,1.17465
0.396059,-0.226763,1.16005
0.373565,-0.123556,1.14407
0.423412,-0.0985954,1.09052
-0.121272,-0.0633171,0.876947
-0.145793,-0.420119,1.13381
0.416106,0.0329095,1.01586
-0.187132,-0.19192,0.998047
0.0461802,0.0387348,0.950043
-0.152213,0.0217771,0.841342
-0.0460593,-0.328387,0.992623
0.425722,-0.0971023,1.08396
-0.277527,-0.330928,1.13457
0.0416968,-0.130209,0.863925
-0.03364,0.0952543,0.918599
-0.440803,-0.325573,0.916545
0.466242,-0.445703,1.2286
-0.234894,-0.308843,1.12835
-0.190161,-0.195976,1.01069
0.491656,-0.249881,1.14636
0.615433,-0.302862,1.14006
-0.177085,-0.438171,1.15224
-0.373,-0.249688,0.856664
0.425262,-0.30724,1.1732
0.504968,-0.339896,1.15241
-0.0197812,-0.0278375,0.932859
0.39537,-0.0678865,1.08646
0.0616553,-0.0502136,0.880896
-0.318391,-0.308203,1.03321
-0.0853601,0.0442243,1.02196
-0.391758,-0.209463,0.837898
-0.212656,0.0774454,0.466789
0.0903878,0.085348,0.892783
0.491432,-0.251665,1.1495
-0.223111,-0.0501917,0.470951
-0.426074,-0.340571,0.959562
-0.238194,-0.28927,1.17028
-0.37069,-0.215896,0.794124
-0.146332,0.0968606,0.414931
-0.0269633,0.108683,0.92687
0.372595,-0.124615,1.14715
0.460449,-0.145509,1.11326
0.53628,-0.334789,1.15939
0.048981,-0.0736398,0.894182
-0.284868,-0.401802,1.10059
0.0707165,-0.0639546,0.86263
0.040736,-0.0690173,0.840303
-0.000750106,-0.022985,0.910771
0.0109901,-0.0422678,1.02275
-0.270404,0.054719,0.483992
-0.286853,0.082763,0.468263
-0.312455,-0.163406,0.68097
-0.300704,-0.247711,0.969238
-0.0413681,-0.0525395,0.585391
-0.00576588,-0.139453,0.580132
-0.16822,-0.0702738,0.42926
0.472781,0.124613,0.780519
-0.280875,0.0810176,0.462421
-0.363003,-0.139715,0.61525
-0.282042,0.127359,0.407626
-0.332674,0.00448006,0.474546
-0.29774,0.0556899,0.530986
-0.339275,-0.128371,0.575988
-0.336302,-0.126409,0.574373
-0.362524,-0.140666,0.616853
0.561059,-0.134825,1.06017
-0.431567,-0.300597,1.04052
-0.440799,-0.299201,0.917402
-0.00159833,-0.0413523,0.946387
-0.218103,0.206695,0.571063
-0.401288,-0.263631,0.829049
0.355012,-0.150645,1.15652
-0.317329,-0.301817,1.01867
0.627503,-0.367665,1.2329
-0.415843,0.0163596,1.10298
0.514118,-0.174883,1.11968
-0.157321,0.164681,0.397609
-0.274786,-0.341999,1.15539
0.335309,-0.191079,1.155
0.328012,-0.0685989,1.12436
-0.0398784,-0.0106464,0.924338
0.194817,-0.437109,1.56628
-0.152127,0.0209447,0.834047
-0.0251827,0.0266231,0.983258
-0.186327,-0.0530652,0.475868
-0.309866,-0.298625,0.967049
-0.181455,-0.23285,1.13576
-0.245448,-0.164408,0.762563
0.389174,-0.0631827,1.07883
-0.186631,-0.248645,1.19639
0.459702,0.0533705,0.99615
0.353599,-0.115356,1.15552
-0.0907636,0.0347604,0.765498
-0.136977,-0.0805682,0.722263
0.041765,-0.206168,0.812067
-0.139876,0.0951438,0.416469
-0.08376,0.0461931,1.02707
0.0997642,0.0680897,0.893518
0.40426,-0.119098,1.15088
0.255348,0.152921,0.756046
-0.295541,-0.263635,0.968494
0.505026,-0.343195,1.15801
0.0815634,-0.3624,1.18923
0.477789,-0.392086,1.14736
0.495579,0.0405264,0.64034
0.372754,-0.113248,1.14076
-0.0301829,0.230961,0.568671
-0.39629,-0.252079,0.89748
0.044789,0.0387366,1.00602
-0.265433,-0.182629,0.847603
-0.044519,-0.00776347,0.980985
0.328926,-0.371066,1.20396
-0.183237,-0.196392,0.91912
-0.294267,-0.240908,0.947354
0.866466,-0.383206,1.1255
0.313917,-0.429804,1.18861
0.412782,-0.223856,1.15892
-0.154609,0.0704363,0.860141
-0.243228,-0.214238,0.96752
-0.0157467,0.105796,0.900067
-0.319843,-0.235979,0.942152
0.40271,-0.229057,1.16035
0.430067,0.0680146,0.985
-0.0415357,-0.359182,0.997391
-0.257397,0.110311,0.705454
0.380028,-0.0291981,1.04353
0.422839,-0.0795466,1.12773
0.444177,0.0902129,0.986296
0.302894,0.0444543,1.08201
0.380492,-0.362305,1.18724
0.280064,0.00940667,1.15103
-0.20507,-0.131371,0.635702
0.0410758,-0.0544565,0.750686
0.234742,0.0860702,0.879539
-0.0134245,0.0932405,0.825291
0.0739105,-0.102664,0.813039
-0.165758,-0.18447,1.13796
0.515134,-0.127604,1.00742
-0.250328,0.149332,0.642361
0.63325,-0.316682,1.14133
-0.168828,0.171324,0.440383
-0.29937,-0.405004,1.13009
-0.297988,-0.265877,0.974124
0.531318,-0.361041,1.15365
-0.154329,0.0875185,0.433024
-0.239651,-0.203178,0.937427
-0.0824373,0.0157341,1.13901
0.38183,-0.366432,1.20023
0.419108,-0.0975182,1.08335
0.00524204,-0.0334413,1.17335
0.422682,0.0231126,1.04207
0.057475,0.021377,0.992974
0.601366,-0.33278,1.14947
-0.027818,0.0912921,0.881235
-0.239949,-0.311447,1.14026
-0.241066,-0.161613,0.740506
-0.2785,0.0421471,0.553566
-0.266887,-0.334471,1.15998
-0.314437,-0.293972,0.92671
-0.206197,0.246364,0.546718
-0.355298,-0.395593,1.03658
-0.437869,-0.251598,0.952664
-0.0757369,-0.0434589,0.97224
0.485191,-0.0739979,1.26197
0.379427,-0.32838,1.19886
0.790075,-0.141559,0.652495
0.427475,-0.378691,1.17399
0.751682,-0.270918,1.10677
-0.159661,0.101072,0.350918
-0.0891837,0.0700561,0.707606
-0.166165,0.170142,0.418022
-0.145919,0.0966616,0.432029
0.0073528,-0.0400041,0.944704
0.386892,-0.395163,1.25356
-0.181737,-0.233507,1.13925
0.365908,-0.444832,1.29872
0.376349,-0.385573,1.22134
0.55774,-0.0521505,0.659572
0.30237,-0.0148461,1.15124
0.725174,-0.00184263,0.539254
-0.0365911,0.229315,0.566783
0.429336,-0.13189,1.12165
0.0547194,0.0494732,0.937324
-0.286176,-0.12584,0.585968
-0.249034,-0.1608,0.785766
0.580604,-0.204763,1.12585
0.370279,-0.103739,1.15081
0.33024,-0.0716658,1.0972
0.312305,-0.224882,1.19378
0.54839,-0.222741,1.14888
0.409,-0.0688159,1.06535
0.401714,-0.257209,1.15821
-0.00304143,-0.00975798,0.97309
-0.239801,-0.208201,0.880306
-0.0609711,-0.0206343,0.667825
0.056632,0.0534354,1.05139
0.453452,-0.049831,1.04199
-0.0126803,0.0956577,0.860318
0.00366929,-0.011527,1.02144
0.366962,-0.339076,1.0675
-0.24036,0.0760099,0.398539
-0.316569,0.0517878,0.562782
-0.360379,-0.179705,0.720823
0.0184117,-0.0471569,0.728528
-0.280372,-0.19487,0.892276
-0.0168731,0.103892,0.888562
0.0937127,0.0512486,0.869271
-0.284684,-0.400023,1.10199
-0.275037,-0.21235,0.955028
0.518269,-0.0379028,0.64584
0.00641181,-0.00637966,0.957466
-0.244054,-0.21396,0.897878
-0.21677,0.038106,0.918017
0.326859,-0.238449,1.18355
0.0617396,-0.0678368,0.659597
0.0856614,-0.0853898,0.969954
0.511058,-0.304779,1.16568
0.385548,-0.345011,1.17711
0.407405,0.0975269,0.105484
0.547601,-0.22825,1.15317
0.0267985,-0.103146,1.60701
0.0814819,-0.115399,0.641057
-0.232223,0.0819955,0.547313
0.0509677,-0.0395555,0.746592
0.554272,-0.0526709,0.65946
-0.0887476,0.0041573,1.37001
0.646302,-0.0286064,0.582333
-0.251313,-0.111811,0.518465
0.415959,-0.396913,1.17241
0.237869,0.212619,0.590455
0.497717,-0.0596253,0.882098
-0.303583,-0.168714,0.760664
0.95001,-0.421384,1.16306
-0.162939,0.168686,0.416822
0.295332,-0.0764688,1.15405
0.0120541,0.0356787,0.7777
-0.171616,0.0910419,0.476022
0.0787001,0.119112,0.76194
-0.285055,-0.0761067,0.590472
-0.30993,-0.298605,0.965712
-0.063736,0.0445744,0.855123
-0.147386,-0.107866,0.860485
-0.0313162,-0.0390554,0.577367
-0.0911525,0.0349738,0.899554
-0.0845608,-0.0278723,0.269552
-0.0330189,-0.0089397,0.812346
-0.21543,0.110299,0.334139
-0.208637,0.0321316,0.572193
-0.285102,0.0829568,0.465347
-0.182568,0.180433,0.470572
-0.313929,-0.233306,0.928984
-0.293711,0.0517661,0.607796
-0.197171,-0.0629722,0.52401
-0.329168,-0.245702,0.945894
-0.181361,-0.107754,0.558781
-0.3233,0.00589308,0.461773
0.583797,-0.398643,1.16061
0.404564,0.00829518,1.05793
-0.0163402,-0.130315,0.854672
-0.053975,0.0215509,0.908485
0.406333,-0.0825881,1.08729
0.464152,-0.0869753,1.07639
-0.231821,-0.09432,0.475615
-0.292855,0.0854087,0.517367
-0.285403,0.0571105,0.510683
-0.143061,0.0703462,0.801029
0.305379,-0.178669,1.15084
-0.134177,0.017943,0.9576
-0.465325,0.00951144,1.21626
-0.207396,0.0813185,0.462871
0.882422,-0.055582,0.598728
0.458708,-0.0828663,1.08343
-0.214464,-0.16899,0.824631
0.385164,-0.10359,1.12397
0.413454,-0.121544,1.13714
0.399175,0.0113347,1.03027
-0.452596,-0.363141,0.962613
0.520593,-0.0415984,0.653051
-0.412829,-0.226066,0.874674
-0.223362,-0.13984,0.709279
-0.0427395,-0.00427908,0.908326
-0.351171,-0.0747623,0.577211
-0.471381,-0.346326,0.949706
-0.371184,-0.242074,0.889306
-0.372479,-0.249873,0.85655
-0.147381,0.0699351,0.817507
-0.0971119,0.0720027,0.741498
-0.194987,0.232573,0.512441
-0.146363,0.0978769,0.322818
0.4395,-0.362005,1.06192
-0.0730572,0.0343169,0.759849
-0.121267,-0.109885,0.591311
-0.100612,0.0348829,0.878699
1.18224,-0.393129,1.09675
0.494395,-0.259185,1.17232
0.60375,-0.128931,0.720391
-0.206412,-0.204393,0.908555
-0.15834,0.0395227,0.708781
-0.294769,0.0583877,0.524499
-0.273034,0.124156,0.394313
-0.216626,0.081287,0.480052
-0.370065,-0.0189034,0.518354
-0.280473,0.0803937,0.461361
-0.402098,-0.00656532,0.572099
-0.212203,-0.181949,1.28391
-0.247968,-0.121742,0.557145
-0.124168,0.0288109,0.718594
-0.00885837,-0.095154,0.684262
-0.291149,0.104511,0.439375
-0.38466,-0.149089,0.647098
-0.270387,0.12285,0.390623
0.0486044,-0.169368,0.611813
0.462706,-0.0818599,1.06861
0.368009,-0.063779,1.09722
0.425865,-0.307898,1.17267
-0.220242,-0.175046,0.846307
-0.206769,0.0359946,0.577221
-0.231477,-0.299502,1.09708
-0.291842,0.0919429,0.438931
-0.29339,-0.241048,0.948292
-0.0707257,0.0364618,0.737316
0.742718,-0.311435,1.18364
-0.244405,-0.211552,0.901051
-0.369291,-0.17362,0.737065
-0.110505,0.0253068,0.785875
-0.208734,0.0326275,0.586485
-0.159588,-0.123282,0.92749
0.409815,-0.360364,1.11547
0.509048,-0.264841,1.14699
-0.216974,-0.40956,1.10903
0.306876,-0.159801,1.16463
-0.032477,0.0933703,0.888614
0.466812,0.0257788,1.01101
-0.17065,0.0214927,0.997654
-0.130988,0.0663719,0.769152
-0.190337,-0.0585757,0.506643
-0.126071,-0.143817,0.96651
0.653096,-0.129996,0.683671
0.580014,-0.0304495,0.635848
0.49749,-0.156348,1.10651
-0.0673941,0.0392089,0.658595
0.47104,-0.0571672,1.06151
0.6653,0.0773656,0.503876
0.443638,-0.105572,1.06035
1.07868,-0.372159,1.12995
-0.236214,0.0632622,0.507728
0.372636,0.226944,0.409946
0.521475,-0.041824,0.658867
0.501244,-0.152041,1.09834
0.472774,-0.33431,1.16055
0.423376,0.0244923,0.926653
0.447735,-0.368285,1.16457
0.389426,0.115821,0.0642934
0.866536,-0.344937,1.05457
0.594629,-0.117066,0.72944
0.728175,0.00651547,0.527906
-0.271276,-0.10286,0.706525
-0.120048,0.0229654,0.841237
0.596358,-0.119284,0.7325
0.783176,-0.0356224,0.56155
0.560274,-0.385242,1.15255
0.497558,0.0692986,0.523736
0.462771,-0.380498,1.17504
0.734123,0.00621371,0.534249
0.505835,0.0754396,0.536905
0.349302,-0.117385,1.12181
0.403325,0.0858988,0.0906626
0.597575,-0.0240203,0.614956
0.392991,0.172089,0.0903666
0.401652,0.12982,0.107983
0.403359,0.191306,0.130453
0.740005,-0.265391,1.05853
0.416134,-0.257559,1.15778
0.318331,0.0156053,1.1
0.76343,-0.0335127,0.545297
0.450942,0.181464,0.56618
0.478077,-0.46623,1.27776
0.786094,-0.109007,0.587646
0.409345,0.138336,0.135087
0.402681,0.130446,0.0855716
0.506969,0.0762851,0.535681
0.388465,0.12826,0.0756549
0.524271,-0.0833421,0.73816
0.330573,0.211567,0.447231
0.467822,-0.415462,1.17889
0.406246,0.123803,0.118109
0.407886,0.206529,0.136994
0.279361,0.00709448,1.1644
0.384702,0.132858,0.0586107
0.672549,0.0797053,0.504438
0.392301,0.148235,0.0836524
0.761007,-0.365293,1.13783
0.386698,0.117463,0.0563313
0.348145,-0.245616,1.17845
0.457433,-0.273025,1.16961
0.384756,0.179889,0.0711785
0.398934,-0.0702052,1.10608
0.975902,-0.384497,1.13157
0.392528,0.165036,0.0682869
0.40642,0.220788,0.104567
0.66632,-0.0367745,0.601406
0.528506,-0.0271052,0.655166
0.411521,0.200751,0.168081
0.408725,0.158769,0.147965
0.382491,0.196666,0.0744723
0.255251,0.143741,0.712343
0.394011,0.158764,0.0916135
0.554056,0.0776613,0.509759
0.394682,0.114211,0.0684991
0.249487,-0.017781,1.09075
0.738905,-0.000302389,0.537265
0.741481,-0.272408,1.07022
0.493975,0.0349778,0.681274
0.506662,-0.31868,1.1538
0.908584,-0.354203,1.11378
0.387204,0.142596,0.0658939
0.401234,0.165248,0.120608
0.406072,0.104715,0.112936
0.646287,-0.137174,0.693932
0.390509,0.153643,0.0774565
0.399465,0.111156,0.0809283
0.404175,0.139852,0.116968
0.386909,0.170281,0.0726366
0.523736,-0.259568,1.15031
0.416763,0.215983,0.182069
0.400731,0.149684,0.108296
0.390415,0.153938,0.0781628
0.386392,0.13419,0.0601483
0.500094,0.156745,0.53733
0.3974,0.151664,0.0997617
0.635065,-0.145077,0.732376
0.384624,0.132761,0.0589196
0.386664,0.122188,0.0533666
0.385146,0.134144,0.0587377
0.410439,0.0890713,0.0988597
0.526856,0.171961,0.559071
1.11116,0.165823,0.564134
0.438958,0.158896,0.170849
0.519641,-0.0377883,0.657023
0.623445,-0.139267,0.778431
0.76476,-0.336465,1.24331
0.402401,0.190817,0.129799
0.401695,0.210593,0.12345
0.397214,0.190998,0.108925
0.378573,0.11964,0.0344631
0.406948,-0.027442,1.04325
0.624278,-0.360319,1.14623
0.415635,0.209812,0.176188
0.541295,0.17476,0.556856
0.417504,0.146042,0.167705
0.316043,-0.434454,1.19733
0.391377,-0.0620157,1.07946
1.12872,-0.411002,1.19189
0.82018,-0.130171,0.670402
0.407926,0.104568,0.114186
0.475063,-0.0729841,1.06835
0.717444,-0.393106,1.15047
0.523311,0.0536794,0.519586
0.252521,0.142491,0.651942
0.334175,0.22862,0.397819
0.396574,0.145896,0.0961254
0.666177,-0.0154295,0.573678
0.402182,0.157297,0.118654
0.409148,0.089625,0.0978182
0.389635,0.221619,0.0942032
0.46817,-0.362679,1.16729
0.417171,0.242546,0.119101
0.497772,0.0555697,0.606852
0.533545,0.0689544,0.515007
0.396489,0.165726,0.0967743
0.328271,-0.122213,1.08719
0.602384,0.227173,0.408286
0.42757,0.218194,0.193679
0.893082,-0.395491,1.10912
0.404173,0.216858,0.137736
0.384943,0.163738,0.0632323
0.385918,0.114685,0.0498368
0.544434,-0.0553494,0.665345
0.386183,0.219941,0.0917104
0.530225,-0.388962,1.14704
0.416172,0.11961,0.148213
0.489279,-0.359576,1.16733
0.399755,0.147989,0.108845
0.363798,0.0611093,0.902864
0.778911,-0.173827,0.768442
0.4206,0.0931504,0.15045
0.348946,-0.148522,1.14395
0.305599,-0.212763,1.17918
0.402299,0.130053,0.108197
0.387569,0.220563,0.0918206
0.517002,0.0556563,0.510799
0.451124,0.285647,0.179512
0.384453,0.143032,0.0571907
0.353693,-0.146632,1.14539
0.395415,0.182158,0.107726
0.413507,0.184148,0.163083
0.410768,0.0916371,0.0971048
0.549266,-0.410322,1.16136
0.386487,0.151098,0.0665274
0.389383,0.14711,0.0751409
0.399869,0.209555,0.129835
0.407601,0.215272,0.156058
0.37481,0.213186,0.0680957
0.771454,0.0906459,0.525525
0.519572,0.0770566,0.516927
0.602082,-0.0814922,0.641155
0.497234,-0.0540468,0.899046
0.336361,0.0448952,1.02612
0.406494,0.222596,0.148679
0.599566,-0.123323,0.741691
0.404321,0.139925,0.116896
0.385187,0.196048,0.0792196
0.410241,0.203784,0.156657
0.472544,-0.166361,1.13489
0.497461,-0.0870795,0.629484
0.392698,0.192444,0.0967031
0.41057,0.204208,0.156864
0.380673,0.21553,0.0720849
0.391088,0.148343,0.0827454
0.410422,0.0887146,0.0980164
0.648541,-0.0302234,0.605223
0.386646,-0.423378,1.22348
0.473791,-0.132527,1.10122
0.52412,0.0313406,0.532699
0.578046,-0.0198378,0.621316
0.401224,-0.261578,1.16998
0.384213,0.152947,0.0592372
0.382608,0.122306,0.0512515
0.395263,0.190329,0.107976
0.389554,0.242865,0.0824388
0.419425,0.0934931,0.149465
0.400089,0.157817,0.108022
0.420372,0.0868972,0.152492
0.403338,0.216365,0.137463
0.587246,-0.143899,0.764407
0.663551,-0.133696,0.697912
0.416136,0.0903715,0.0554935
0.390884,0.176214,0.0946488
0.409009,0.0935552,0.100675
0.76408,-0.171735,0.76241
0.420389,0.148783,0.167653
1.04044,-0.347902,1.07721
0.524678,-0.0440823,0.736519
0.652049,-0.00876502,0.555616
0.404409,0.145736,0.701565
0.520515,-0.0532029,0.670076
0.38222,0.205131,0.0729025
0.387809,0.117706,0.0575671
0.403526,0.0962132,0.0801219
0.402308,0.130045,0.1088
0.38994,0.212432,0.0918581
0.393838,0.166215,0.0940118
0.50749,-0.38522,1.15858
0.749015,0.0106472,0.517892
0.588239,-0.0257744,0.623129
0.483696,0.234982,0.370745
0.388857,-0.0614879,1.08887
0.656502,0.082837,0.505075
0.961891,-0.308434,1.07497
0.621587,0.304548,0.359744
0.385365,-0.423147,1.22021
0.457216,0.0071201,0.995916
0.411374,0.147002,0.140026
0.386171,0.231361,0.092031
0.393009,0.148595,0.0840992
0.300812,-0.410993,1.13725
0.50019,0.0185452,0.741241
0.385028,0.219758,0.0906461
0.753711,0.0085546,0.524093
0.457589,-0.142865,1.10556
0.384687,0.18038,0.0710667
0.38365,0.164504,0.0623086
0.39939,0.087734,0.0388696
0.394508,-0.0503238,1.03913
0.45121,0.225184,0.410744
0.393546,0.14238,0.0873583
0.38526,0.134381,0.0604376
0.386048,0.152735,0.0604583
0.330717,-0.0721168,1.12281
0.403371,0.227097,0.142902
0.542322,-0.0492468,0.649032
0.392662,0.038974,1.01932
0.40283,0.165947,0.122493
0.384903,0.122914,0.0541479
0.412788,0.0911141,0.0993239
0.689875,0.0800819,0.500497
0.386767,0.170157,0.0720194
0.395586,0.183272,0.105465
0.412894,-0.123087,1.15154
0.585868,0.0774333,0.51196
0.397051,0.184434,0.106623
0.40171,0.213932,0.134929
0.437072,-0.13223,1.11023
0.639347,-0.0275812,0.607212
0.382288,0.198001,0.0685841
0.382205,0.198215,0.0678936
0.400716,0.21046,0.122662
0.378961,0.119273,0.0377712
0.597082,0.0940116,0.338925
0.386805,0.180414,0.0730482
0.254585,0.144691,0.712495
0.582859,0.223718,0.410748
0.521364,-0.0971177,0.681154
0.390991,0.225507,0.123396
0.411722,0.224074,0.127737
0.386651,0.159388,0.0717062
0.758946,-0.404795,1.13827
0.387523,0.231743,0.0934066
0.407586,0.191983,0.141309
0.445932,-0.349827,1.17685
0.399841,0.227394,0.13268
0.370824,0.224809,0.397569
0.38715,0.128353,0.0739032
0.713715,-0.0035081,0.547134
0.398857,0.209619,0.120768
0.383697,0.169421,0.0622428
0.400696,0.129967,0.0849641
0.380465,0.237876,0.0753742
0.4963,0.0622525,0.564181
0.390148,0.113931,0.0661748
0.417893,0.21605,0.18312
0.390664,0.110584,0.0653668
0.368109,-0.0996677,1.13957
0.421032,0.0864707,0.153054
0.409691,0.0981984,0.104447
0.374609,0.2325,0.0767026
0.867173,-0.344774,0.990984
0.394389,0.227376,0.118403
0.386245,0.115502,0.0541674
0.398084,0.151512,0.100874
0.442285,-0.0366986,1.19415
0.601174,-0.333716,1.1473
0.387745,0.211597,0.0902767
0.417575,0.207466,0.171531
0.356881,-0.1474,1.15218
0.746463,0.0905667,0.490094
0.769114,0.0885405,0.511335
0.478147,-0.0229549,0.933705
0.416367,0.211226,0.176899
0.408746,0.156234,0.134827
0.41356,-0.123018,1.14432
0.409026,0.0978515,0.105815
0.339345,-0.355583,1.16145
0.493918,0.0357432,0.679879
0.707469,0.00550167,0.53133
0.700856,-0.198652,0.882514
0.403065,0.185579,0.127612
0.426625,0.0857935,0.157235
0.618998,-0.137748,0.751873
0.523122,0.0464559,0.521888
0.398517,0.115049,0.0878986
0.419609,-0.0829597,1.0741
0.396795,0.144812,0.0924374
0.387082,0.170423,0.0723095
0.397214,0.209362,0.118986
0.496554,-0.354777,1.15669
0.401873,0.203475,0.130285
0.518532,-0.177613,1.11033
0.397567,-0.258687,1.15742
0.544714,-0.021048,0.623158
0.698675,-0.152444,0.723478
0.463821,-0.0623604,1.01851
0.379502,0.215259,0.0707137
0.3837,0.17177,0.0653515
0.416992,0.0902816,0.0563257
0.53861,-0.133683,1.03877
0.815652,-0.383978,1.09791
0.449567,-0.0885702,1.14741
0.525633,-0.0296944,0.674052
0.746308,-0.268635,1.10032
0.380072,0.237258,0.0746179
0.529167,-0.1034,0.74935
0.40559,0.147159,0.708014
0.410883,0.189864,0.166639
0.386932,0.117965,0.0579559
0.496215,0.00942105,0.781213
0.393128,0.192263,0.0974007
0.544176,-0.0514514,0.655792
0.384955,0.169989,0.0711634
0.390743,0.232278,0.0972063
0.450256,0.284667,0.177989
0.378436,0.124073,0.0342779
0.732642,0.0732707,0.479
0.379296,-0.365482,1.19376
0.417568,0.11939,0.148872
0.400586,0.129749,0.0840852
0.630688,-0.0265267,0.607603
0.419772,-0.300853,1.14374
0.755506,-0.362312,1.1306
0.38986,0.153189,0.0773652
0.371909,0.225433,0.404871
0.397972,0.187579,0.107452
1.07957,-0.385566,1.12356
0.407531,0.20783,0.163628
0.766892,-0.0358817,0.551002
0.415257,0.122524,0.144907
0.716049,-0.362688,1.13302
0.718172,-0.268314,1.13083
0.41728,0.195061,0.170034
0.731206,-0.288949,1.13641
0.430276,0.222682,0.19798
0.414231,0.184879,0.170561
0.401551,0.129477,0.0849583
0.530867,-0.127358,1.01033
0.406326,0.217232,0.140448
0.397435,0.183812,0.10695
0.636846,-0.0645627,0.595129
0.415603,0.118198,0.154233
0.690766,-0.189191,0.858444
0.38431,0.143158,0.0577069
0.51847,-0.0401748,0.649797
0.486168,-0.406849,1.1876
0.496035,0.0637578,0.586938
0.40221,0.190794,0.129366
0.291522,0.0472212,1.03393
0.397939,0.209473,0.123289
0.480163,0.0410277,0.641141
0.386863,0.152898,0.070516
0.467754,-0.336947,1.17469
0.747504,-0.308056,1.184
0.411969,0.16847,0.152637
0.389972,0.153086,0.0779248
0.414534,0.173049,0.156442
0.356708,-0.403333,1.2074
0.381471,0.23951,0.0761774
0.395884,0.126461,0.0890495
0.445464,-0.0808602,1.05727
0.594016,-0.37356,1.11146
0.410716,0.123984,0.111284
0.388957,-0.0650344,1.10395
0.406472,0.185578,0.131786
0.722548,0.180502,0.487944
0.653017,-0.1303,0.683259
1.0274,-0.392253,1.12598
0.383053,0.12768,0.047056
0.477063,-0.110753,1.11404
0.411574,0.0918283,0.0976803
0.661429,-0.00743038,0.560154
0.489384,-0.0209598,1.29236
0.428283,0.214994,0.191202
0.304001,0.0169796,1.04825
0.493276,0.0640523,0.580848
0.472891,-0.132666,1.10402
0.389767,0.153945,0.0767758
0.407306,0.119089,0.122084
0.407832,0.173019,0.146581
0.509858,0.0783609,0.531535
0.576531,-0.351419,1.15919
0.499196,0.0394825,0.684381
0.512103,-0.172022,1.12769
0.414272,-0.111026,1.16883
0.488856,0.0079138,0.794259
0.413155,0.167395,0.151775
0.449198,-0.0600015,1.04687
0.439392,-0.18037,1.14565
0.362089,0.21831,0.380508
0.391987,0.178948,0.12177
0.410624,0.0838174,0.0957241
0.535108,-0.0927458,0.765014
0.529987,-0.323375,1.15296
0.383133,0.198338,0.0689888
0.39354,0.22718,0.117498
0.377178,0.0206269,1.03013
0.399007,0.176049,0.112393
0.401826,0.147346,0.11186
0.59096,-0.0232129,0.615763
1.03496,-0.384677,1.13233
0.506703,-0.0475452,0.709161
0.414628,0.184853,0.163903
0.406169,-0.0527628,1.05868
0.388488,0.128079,0.0755156
0.719026,-0.244848,1.00299
0.397729,-0.410861,1.13994
0.740702,-0.26936,1.06633
0.798269,-0.0492391,0.565408
0.778159,-0.0016832,0.51931
0.425964,-0.0699998,1.07273
0.748495,-0.322129,1.12816
0.417913,-0.283498,1.16919
0.548837,-0.0882141,0.874044
0.41469,0.108494,0.135627
0.38737,0.115313,0.0548959
0.939855,-0.399225,1.11257
0.374826,-0.109216,1.0893
0.38775,0.240824,0.0810036
0.413727,0.10846,0.13504
0.417402,0.119487,0.148487
0.413531,-0.076614,1.09883
0.402652,0.103646,0.120177
0.373828,0.0261974,1.0236
0.416013,0.182492,0.17219
0.404924,0.112816,0.109643
0.406443,0.115078,0.115285
0.412692,0.168132,0.15225
0.800392,0.0307257,0.493582
0.414921,0.167517,0.165442
0.432331,0.0902193,0.939353
0.527065,-0.33655,1.14432
0.426926,0.117576,0.162091
0.413007,0.143623,0.145354
0.447041,-0.0603222,1.03676
0.401976,0.150801,0.116852
0.422709,0.112858,0.807992
0.489577,0.0217326,0.712505
0.806766,-0.333806,1.11723
0.404845,0.121767,0.111494
0.407198,0.143202,0.126613
0.768318,0.000307562,0.507899
0.41249,0.156428,0.149388
0.564125,-0.127844,0.736633
0.417566,0.15959,0.654572
0.408152,0.156301,0.134367
0.387139,-0.106256,1.13288
0.679137,-0.00335511,0.545458
0.410606,0.159562,0.149545
0.451113,-0.120136,1.07366
0.41656,0.0881567,0.14856
0.412339,0.15954,0.150198
0.706003,0.0792952,0.496028
0.490526,-0.401657,1.1676
0.931392,-0.371471,1.15325
0.776295,0.0772998,0.501843
0.405727,0.155113,0.132569
0.41398,0.144167,0.146116
0.55422,-0.301586,1.13519
0.407649,0.119785,0.116394
0.425019,-0.127281,1.09149
0.401966,0.15414,0.142497
0.413745,0.184393,0.169973
0.880116,0.0897808,0.481116
0.407572,0.109395,0.116316
0.856879,-0.332956,1.11391
0.404478,0.139357,0.117287
0.547846,0.0792478,0.510519
0.40197,0.165777,0.122276
0.45134,0.225677,0.411812
0.425828,0.0856024,0.156383
0.40295,0.166013,0.12281
0.411062,0.102649,0.125676
0.460602,-0.281797,1.17248
0.402464,0.174706,0.129719
0.730616,-0.209527,0.906272
0.403465,0.175053,0.130718
0.752266,-4.6348e-05,0.535825
0.402917,0.148222,0.115453
0.794938,-0.0798126,0.568377
0.77035,-0.0968467,0.551478
0.404239,0.122595,0.108022
0.487825,-0.279769,1.15642
0.507277,0.0017531,0.638233
0.446463,-0.109668,1.07775
0.422341,0.136592,0.170225
0.503715,0.0454669,0.537902
0.401993,0.154955,0.114099
0.403506,0.156351,0.115566
0.422347,0.0435316,1.07276
0.414787,0.160508,0.159316
0.408317,0.100306,0.113742
0.402046,0.186259,0.119728
0.411429,0.209321,0.172299
0.474608,-0.136242,1.10845
0.456025,0.181857,0.563096
0.40471,0.122621,0.10844
0.498796,-0.0849959,0.671306
0.656309,0.0999527,0.334623
0.455896,0.0936563,0.891833
0.434175,-0.0705914,1.09063
0.406034,0.166962,0.124673
0.734811,-0.23604,1.06864
0.642916,-0.13519,0.691242
0.776416,0.0822239,0.489043
0.412693,0.0941932,0.129178
0.402523,0.157659,0.118835
0.679611,-0.298232,1.16164
0.735624,-0.350465,1.12349
0.422855,0.113311,0.817593
0.491055,0.00239255,0.749557
0.594866,-0.299649,1.12776
0.457863,-0.126999,1.10832
0.414621,0.108361,0.135824
0.649861,-0.020447,0.585035
0.405749,0.137196,0.121304
0.402469,0.165723,0.122219
0.415988,0.0945379,0.136396
0.407792,0.104804,0.113966
0.403007,0.147527,0.11706
0.47844,0.168221,0.613949
0.574464,-0.103426,0.692254
0.405851,0.124794,0.113996
0.812786,0.0965062,0.448122
0.849457,0.0969565,0.476614
0.40921,0.0975225,0.126288
0.571815,-0.394138,1.17918
0.420449,0.0935683,0.149846
0.407675,0.167045,0.146381
0.695879,0.0775477,0.491123
0.607247,-0.229588,1.12753
0.488951,-0.0882878,0.996028
0.428725,0.252628,0.330323
0.509146,-0.267798,1.12333
0.584369,-0.24499,1.13642
0.677456,-0.371104,1.13468
0.436589,-0.0838946,1.11855
0.404252,0.18898,0.13785
0.410583,0.203984,0.16451
0.675362,-0.30921,1.15377
0.407007,0.197172,0.148283
0.418948,0.109653,0.119773
0.326288,0.206138,0.425227
0.411179,0.146991,0.139576
0.473012,-0.109229,1.11711
0.411122,0.102805,0.126033
0.408314,0.140076,0.130753
0.418074,0.148965,0.165804
0.403537,0.171962,0.139303
0.798015,-0.0455774,0.564395
0.411043,0.102313,0.126412
0.528278,-0.338182,1.14662
0.58063,0.0773603,0.505257
0.707695,-0.309153,1.16002
0.439977,-0.0497855,1.04147
0.531026,-0.360088,1.15244
0.732859,-0.134235,0.63907
0.768222,-0.102248,0.566441
0.404289,0.183819,0.117255
0.691461,-0.0137304,0.577633
0.854057,0.169117,0.500754
0.491507,0.0171254,0.738826
0.391312,0.101972,0.106021
0.62924,-0.263586,1.18886
0.411065,0.179001,0.151686
0.546079,-0.255207,1.13829
0.426101,0.0852855,0.156679
0.596118,-0.0223247,0.612972
0.40753,0.137317,0.123457
0.502441,-0.294522,1.14289
0.413805,0.168097,0.152989
0.558005,-0.226521,1.14049
0.410987,0.186804,0.1614
0.41765,0.0922615,0.139547
1.01625,-0.378549,1.0834
0.401418,0.186146,0.119459
0.475608,-0.0403093,1.04382
0.686891,-0.362335,1.07877
0.507823,-0.0497908,0.717737
0.399152,0.182988,0.120639
1.06262,0.0871912,0.63779
0.401169,0.165262,0.12167
0.40526,0.132494,0.116951
0.522281,-0.0445521,0.727225
0.413085,0.174774,0.160688
1.03909,-0.329831,1.0767
0.95871,0.14092,0.480994
0.398562,0.178695,0.1286
0.423063,0.179501,0.169649
0.41345,0.0964873,0.122617
0.417235,0.182957,0.152466
0.78067,0.0829988,0.48449
0.413559,0.102531,0.127559
0.479498,-0.00925021,0.88037
0.540841,-0.320246,1.1571
0.778982,-0.020535,0.512148
0.944203,0.176165,0.561512
0.724237,0.180548,0.573784
0.500057,0.0719585,0.542084
0.420474,0.128185,0.16281
0.842815,0.0946766,0.469438
0.724795,0.0741999,0.505225
0.40931,0.215214,0.158271
0.412807,0.163644,0.15739
0.433574,-0.237071,1.18825
0.404689,0.15405,0.115299
0.535781,-0.364117,1.16092
0.469894,-0.125571,1.10224
0.727442,-0.259947,1.09715
0.627572,-0.271134,1.13767
0.487039,-0.041572,0.995682
0.96712,0.0978874,0.481218
0.406784,0.127845,0.123819
0.414138,0.185343,0.170857
0.423,0.0946173,0.154089
0.483702,-0.0495255,1.01789
0.413387,0.184359,0.169744
0.40054,0.169137,0.113309
0.512633,0.0195792,0.578466
0.403054,0.190229,0.121464
0.40605,0.183245,0.13472
0.404141,0.180991,0.132102
0.649431,0.0460262,0.496385
0.750066,0.00868161,0.521832
0.518565,0.038322,0.515635
0.637891,-0.147802,0.787737
0.938902,0.0597724,0.475743
0.848922,-0.340846,1.11373
0.645971,0.0206826,0.516557
0.661757,-0.0570211,0.563751
0.460745,0.147274,0.706626
0.419765,0.229647,0.372884
0.412006,0.18333,0.161757
0.413925,0.179585,0.15349
0.401304,0.138183,0.107509
0.418577,0.159085,0.154564
0.408318,0.163282,0.140979
0.40303,0.14788,0.115726
0.952073,0.0574699,0.480609
0.40293,0.14333,0.113507
0.554265,0.240916,0.333697
0.476675,0.00801652,0.782659
0.501304,-0.0863114,0.678224
0.506123,-0.0893406,0.948632
0.418711,-0.0975284,1.08569
0.594644,-0.048762,0.632988
0.74481,0.00180431,0.535922
0.628972,-0.142106,0.72252
0.416241,0.168703,0.154346
0.422988,0.0929206,0.152104
0.540297,0.0293194,0.56416
0.415232,0.169844,0.164125
0.404147,0.174248,0.121303
0.435993,0.126119,0.145307
0.483247,-0.179224,1.18515
0.699768,0.000906842,0.542236
0.408927,0.126772,0.138922
0.524291,-0.0229687,0.646032
0.406151,0.202186,0.153236
0.52396,-0.0207621,0.644191
0.514444,-0.0306051,0.662812
0.418018,0.148731,0.165474
0.415625,0.125761,0.13331
0.717812,-0.250268,1.05639
0.459811,-0.26859,1.1669
0.41371,0.180508,0.148719
0.543111,0.175455,0.568075
0.500788,-0.297338,1.11467
0.770027,-0.41611,1.16712
0.688376,-0.357507,1.15893
0.495869,0.0672714,0.910431
0.424121,0.0898692,0.132845
0.656428,-0.0993167,0.636723
0.982162,0.168603,0.506608
0.927205,0.0916976,0.476334
0.418017,0.0914221,0.12929
0.400165,0.189688,0.128567
0.838032,0.0872975,0.483176
0.896146,0.050089,0.475898
0.417724,0.106229,0.152657
0.478337,0.123607,0.773751
0.424286,0.128774,0.164252
0.521546,0.0314827,0.524567
0.536521,0.0666947,0.508963
0.512404,0.0791582,0.534793
0.501051,0.0518438,0.530875
0.514062,0.0344481,0.53727
0.663742,-0.375207,1.18158
0.72819,-0.00238457,0.540966
0.477242,0.0942615,0.466781
0.417754,0.160812,0.160542
0.422913,0.1587,0.170061
0.676174,-0.375555,1.26969
0.506924,-0.0822002,0.699767
0.576641,-0.11552,0.711909
0.745126,-0.319255,1.11915
0.718709,0.219635,0.434485
0.947493,0.0501536,0.474509
0.420726,0.143755,0.162475
0.516781,0.25137,0.292643
0.525913,0.164484,0.572294
0.499765,0.158216,0.539716
0.417635,0.169983,0.164795
0.415081,0.155983,0.159913
0.467195,-0.0557897,1.06259
0.492495,0.0300173,0.699557
0.698352,0.0808167,0.498896
0.500981,0.153413,0.662439
0.835999,0.087412,0.480713
0.502422,0.0551682,0.634069
0.656842,-0.0325375,0.594925
0.758524,-0.0924337,0.548314
0.501,0.0548101,0.530753
0.417707,0.156646,0.165479
0.577503,-0.029135,0.631624
0.667591,0.0788262,0.470226
0.598439,-0.0834166,0.654843
0.571074,-0.0151665,0.564935
0.49381,-0.047817,0.907089
0.960639,0.0977971,0.476391
0.799501,0.223493,0.410485
0.658537,-0.19883,0.916329
0.414903,0.168257,0.165236
0.427014,0.11754,0.162092
0.418035,0.166081,0.166539
0.508765,-0.0716566,0.737395
0.717132,0.0833275,0.497164
1.11706,0.14135,0.562265
0.565821,-0.123539,0.905905
0.413185,0.183679,0.162197
0.513123,0.0186619,0.484714
0.449433,0.224636,0.409693
0.52273,0.0473782,0.520954
0.493183,0.057261,0.615891
0.801609,0.0878769,0.477381
0.521357,0.253705,0.296604
0.708435,0.0024079,0.52384
0.662053,-0.00405837,0.551299
0.675687,0.08134,0.503708
0.417197,0.154226,0.161057
0.420362,0.149554,0.165108
0.411995,0.187401,0.161564
0.624066,-0.140093,0.731627
0.518223,-0.07362,0.764731
0.480598,0.233755,0.367178
0.550029,0.208006,0.468357
0.514976,-0.0746308,0.750545
0.4266,0.133876,0.163855
0.62156,-0.0147651,0.585975
0.545893,-0.0974104,0.651609
0.972629,0.141235,0.482707
0.500785,0.0554094,0.529734
0.496509,0.0407432,0.674714
0.418273,0.169067,0.166979
0.893137,0.0368078,0.486125
0.455319,0.181516,0.561751
0.424414,0.125804,0.161013
0.416935,0.161547,0.165168
0.776519,0.0811937,0.482497
0.612408,-0.165638,0.825911
0.444738,0.221029,0.400663
0.416685,0.175698,0.169133
0.417963,0.168741,0.16699
0.416035,0.172725,0.166822
1.07324,0.164381,0.547131
0.413317,0.170574,0.165716
0.520734,-0.0423875,0.658338
0.808161,0.000318176,0.54668
0.884861,0.0456459,0.478912
0.924885,-0.366715,1.06968
0.555632,0.208212,0.465842
0.489173,-0.0884938,0.998297
0.420614,0.154727,0.162319
0.57905,-0.0649759,0.641043
0.414687,0.169588,0.163434
0.804125,-0.0825591,0.575673
0.784751,-0.135901,0.647725
0.840865,-0.0376344,0.575392
0.601696,-0.0363737,0.610511
0.421353,0.129063,0.159119
0.522488,-0.0974096,0.683492
0.498466,0.00488307,0.698718
0.435333,0.127391,0.16948
0.413653,0.128431,0.159087
0.425516,0.120207,0.162749
0.472757,0.124341,0.768407
0.423257,0.149306,0.168025
0.598616,0.226083,0.403629
0.496307,0.0708028,0.564407
0.523972,0.0773144,0.520748
0.658436,-0.0479637,0.610629
1.22997,-0.416473,1.15676
0.697583,0.0815315,0.498064
0.961773,-0.368892,1.09117
0.57352,-0.202793,1.13799
0.411823,0.183885,0.168947
0.415113,0.174736,0.168575
0.740827,-0.270356,1.06865
0.515785,-0.0396024,0.635753
0.62567,-0.0421792,0.578839
0.538369,0.0711979,0.514356
0.823599,0.0833667,0.481396
0.76036,-0.0468876,0.551504
0.516619,-0.0401047,0.639259
0.669634,-0.037115,0.61599
0.843993,0.0835041,0.486696
0.623173,-0.0690399,0.610863
0.847979,0.0836871,0.481109
0.51863,0.0519617,0.516832
0.41714,0.156227,0.160861
0.530615,-0.0434883,0.726376
0.523605,0.0780689,0.519015
0.737227,0.239371,0.355814
0.890375,0.0812737,0.482511
0.516249,-0.0308074,0.684099
0.409441,0.166604,0.162606
0.523391,0.196395,0.438478
0.422593,0.129123,0.159522
0.501817,0.0641963,0.537136
0.59087,0.226363,0.412881
0.516612,-0.0384951,0.713457
0.615104,-0.0148345,0.577237
0.451109,0.181126,0.563496
0.624832,0.0141336,1.56309
0.516352,-0.0706611,0.695604
0.533739,-0.0888446,0.807773
0.957163,0.166438,0.493633
0.522513,0.0440416,0.550723
0.492351,-0.0451566,0.895595
0.42229,0.132736,0.158489
0.510299,0.0788211,0.532181
0.884933,0.171941,0.503273
0.487803,0.0149524,0.747023
0.415986,0.166433,0.157746
0.502577,0.0377193,0.670372
0.418345,0.163749,0.163013
0.511637,0.049466,0.530484
0.417152,0.165978,0.165942
0.837959,0.0806591,0.473806
0.498676,0.071184,0.545191
0.42928,0.111743,0.158785
0.426987,0.110678,0.161049
0.431531,0.106294,0.161545
0.511199,0.035633,0.534053
0.722942,-0.00107864,0.535656
1.14667,0.174116,0.581818
0.705974,0.0803061,0.496056
0.557977,0.0789879,0.50898
0.920543,0.057181,0.463583
0.432827,0.116617,0.16308
0.664815,-0.0803895,0.523097
0.422782,0.128796,0.159874
0.410763,0.186245,0.167992
0.423232,0.134136,0.16243
0.884135,0.086237,0.479329
0.62675,-0.0601711,0.60186
0.803702,-0.0466368,0.5698
0.896499,0.0475531,0.479916
0.46411,0.186145,0.603069
0.415933,0.164741,0.159001
0.417188,0.157573,0.166995
0.760544,0.00841693,0.499603
0.421197,0.134246,0.155623
0.423669,0.157579,0.163925
0.41545,0.169705,0.164159
0.419052,0.167893,0.170977
0.677057,0.0824014,0.503057
0.775174,-0.369876,1.15257
0.609678,-0.0489759,0.639884
0.726433,0.00776284,0.527681
0.512442,-0.039823,0.716843
0.524633,-0.0205549,0.645627
0.415633,0.172164,0.166894
0.420332,0.157362,0.166441
0.769108,0.0746603,0.490358
0.923649,0.0557303,0.481578
0.596426,-0.116473,0.722564
0.948891,0.0925886,0.480857
0.418934,0.161052,0.161224
0.427385,0.120834,0.158066
0.428548,0.104087,0.156763
0.417453,0.160876,0.160589
0.418663,0.158045,0.167875
0.514727,-0.0901214,0.717784
0.433369,0.126199,0.16749
0.496936,0.0228109,0.735254
0.499426,0.0518566,0.526628
0.496598,0.0635997,0.592395
0.49815,0.0546976,0.617464
0.523374,0.0457565,0.516731
0.418597,0.163787,0.163145
0.523537,0.0529497,0.518668
0.645349,-0.0917875,0.610021
0.423722,0.126847,0.163201
0.760316,0.205057,0.474555
0.67103,-0.0149729,0.586345
0.735456,0.238924,0.354745
0.681827,-0.368609,1.16529
0.953407,0.169034,0.48842
0.553762,-0.0516209,0.656765
0.650427,0.0430477,0.505512
0.491657,0.0712881,0.517871
0.748299,0.0117329,0.515321
0.716695,0.00465667,0.541064
0.717215,-0.164874,0.710999
0.91461,0.179226,0.523397
0.516985,0.0419693,0.521911
0.524738,0.0548684,0.52273
0.424166,0.127257,0.163878
0.500432,0.114954,0.195339
0.425984,0.125446,0.161559
0.725176,0.224617,0.441043
0.709089,-0.13163,0.641978
0.522352,0.254479,0.297629
0.929231,0.0597897,0.475034
0.414934,0.157342,0.165911
0.416703,0.156637,0.164876
0.414962,0.165005,0.165484
0.421555,0.134286,0.161527
0.425359,0.126907,0.164382
0.516388,-0.0376541,0.712208
0.58385,-0.128751,0.756652
0.581044,-0.110727,0.677107
0.42156,0.1405,0.163019
0.496433,0.0146867,0.75082
0.58918,0.223906,0.421479
0.67902,0.0833066,0.498273
0.503206,-0.0589501,0.724558
0.567306,0.0182351,0.352015
0.507561,0.0763631,0.530239
0.651271,-0.202761,0.927805
0.502662,0.0495295,0.53351
0.704954,-0.18925,0.851753
0.561301,-0.128938,0.778044
0.588077,-0.0222273,0.610233
0.680642,0.075556,0.501595
0.749552,-0.0363601,0.534134
0.768749,-0.10067,0.557844
0.778351,-0.00719556,0.597496
0.737132,0.00437159,0.527603
0.894392,0.174431,0.507672
0.560399,0.0739186,0.473522
0.472502,0.123999,0.786117
0.524554,0.0361204,0.523292
0.740501,0.0864456,0.498218
0.654491,0.0334839,0.505859
0.732978,-0.262848,1.10984
0.412639,0.194681,0.165685
0.919078,0.0497329,0.492479
0.523174,-0.0980777,0.683843
0.801235,-0.0478767,0.567769
0.500209,0.0658238,0.572969
0.555114,0.0298896,0.51439
0.895249,0.174544,0.510663
0.754519,0.204532,0.475704
0.420696,0.146098,0.159456
0.424606,0.132836,0.159288
0.419345,0.147165,0.155722
0.514954,-0.0774248,0.710642
0.422946,0.119762,0.151966
0.660353,-0.0180188,0.59948
0.495806,0.0153447,0.750261
0.88561,-0.0551908,0.599301
0.515882,0.0791925,0.51951
0.768064,0.00709852,0.515308
0.412551,0.187661,0.168599
0.819017,-0.0573624,0.573688
0.863406,0.0515926,0.478862
0.670152,-0.0362581,0.653715
0.758508,-0.0891847,0.540397
0.903004,0.0858812,0.483525
0.950825,-0.0449772,0.726313
0.804137,-0.137814,0.651314
0.554566,0.0772385,0.510654
0.715546,0.00832176,0.524814
0.788249,0.0850745,0.487379
0.499061,0.071242,0.573633
0.417838,0.157387,0.158323
0.522469,-0.0294234,0.66181
0.667408,-0.0436821,0.606051
0.666457,-0.0173803,0.597354
0.778964,0.082937,0.488309
0.780848,0.0802064,0.484893
0.895335,0.0226694,0.484074
0.716736,-0.319865,1.19294
0.957179,-0.341692,1.05953
0.442666,-0.000130353,0.316096
0.726526,-0.10908,0.578846
0.529723,-0.0076375,0.573775
0.503983,0.0484084,0.53625
0.660962,0.0824555,0.498596
0.930289,0.0928392,0.477315
0.522297,0.0433602,0.518191
0.497526,0.0722291,0.563308
0.966348,0.0974934,0.478138
0.495306,0.0640964,0.558027
0.733396,-0.285154,1.09546
0.997162,-0.298243,1.02895
0.401488,0.0366177,0.218579
0.791784,-0.13891,0.654151
0.55574,0.0768029,0.513094
0.749279,0.00175856,0.538591
0.647164,-0.0180517,0.574838
0.505968,0.064579,0.592668
0.877066,0.171377,0.511156
0.749521,-0.000872902,0.540337
0.763151,-0.0116201,0.550229
0.691403,0.00574382,0.519551
0.660008,-0.0478859,0.616955
0.703471,-0.00357831,0.562576
0.984725,0.0964583,0.507939
0.618734,-0.0124282,0.580528
1.19646,0.150613,0.600476
0.584446,-0.11366,0.724597
0.502325,0.0564992,0.622266
0.506547,0.08618,0.523607
0.851869,0.0897822,0.48331
0.871291,-0.352993,1.04875
0.717007,0.00870113,0.526728
0.663382,0.0833195,0.49713
0.781074,-0.320784,1.11102
0.739146,-0.269078,1.12606
0.852076,-0.341477,1.09369
0.493111,0.15308,0.677318
0.794273,-0.132861,0.641226
0.502181,-0.000122866,0.695432
0.61405,-0.142041,0.765621
0.657979,-0.014413,0.572865
0.802838,-0.0428254,0.564291
0.745336,0.00402558,0.556957
0.777015,-0.039561,0.553298
0.555286,-0.0489825,0.647424
0.743473,0.00630434,0.532262
0.696934,-0.310298,1.11856
0.714122,-0.353611,1.26554
0.522331,0.0688683,0.527504
0.782866,0.00488517,0.534039
0.619565,-0.137284,0.748721
0.75901,0.00224781,0.498898
0.528164,-0.0989585,0.767457
0.498378,0.0719341,0.538936
0.703143,-0.312022,1.09681
0.61924,-0.0238194,0.589373
0.73779,-0.396837,1.24774
0.630859,-0.0201379,0.564516
0.70055,-0.325317,1.13375
0.641701,0.0193196,0.51563
0.661261,0.0429157,0.519161
0.503254,0.160964,0.545952
0.806934,0.0314318,0.497382
0.680843,0.0120071,0.470516
0.739127,-0.295656,1.10666
0.836508,0.0852067,0.465603
1.14329,0.144501,0.573859
0.521043,0.0438143,0.517897
0.640828,-0.025353,0.602116
0.632343,-0.178017,0.827006
0.494927,0.00256956,0.662341
0.507993,0.0757813,0.52979
0.543271,-0.0518535,0.655013
0.686163,0.0273125,0.548622
0.514254,0.0671288,0.524443
0.71628,0.220266,0.433224
0.750519,-0.162512,0.734127
0.677293,-0.155312,0.752631
0.989992,-0.440309,1.21016
0.916804,-0.37431,1.11739
0.482319,0.125328,0.789784
0.51247,0.0462419,0.522509
0.518544,-0.0417991,0.644186
0.863287,0.0834137,0.476063
0.680878,-0.143553,0.732216
0.489145,-0.0102216,0.54491
0.505897,0.0851538,0.522668
0.961482,-0.343807,1.08439
0.495873,0.034605,0.689405
0.641764,-0.0110574,0.577682
0.50413,0.0515235,0.532305
0.496458,0.066682,0.544412
0.792665,0.00204786,0.529719
0.668645,0.0839672,0.502031
0.845469,0.0855937,0.496755
0.641212,-0.0282593,0.618897
0.523332,-0.0249743,0.657676
0.593739,-0.0114723,0.580598
0.674999,0.0165511,0.448489
0.619928,-0.137195,0.750289
0.667681,-0.333682,1.14116
0.614217,-0.130881,0.689722
0.601388,-0.0379508,0.609688
0.93958,0.0900644,0.477244
0.673329,-0.00643001,0.569554
0.786685,-0.105102,0.566196
0.766384,-0.101781,0.566088
0.646645,-0.030782,0.586535
0.49909,0.0222339,0.74779
0.686761,-0.0250181,0.600585
0.603306,-0.0785939,0.632853
0.709735,0.00357215,0.536244
0.518001,-0.0296827,0.652122
0.521945,-0.0236438,0.650246
0.483147,0.171302,0.623279
0.945633,-0.356804,1.12078
0.643983,0.0801522,0.481733
0.696592,-0.0307869,0.630291
0.650209,-0.043733,0.598463
0.49934,0.0638134,0.529295
0.554831,-0.0203806,0.620617
0.694036,-0.224819,1.00298
0.73946,0.00638354,0.530282
0.499733,0.159501,0.535897
0.650813,-0.158802,0.770647
0.82522,-0.361881,1.09938
0.950962,-0.303469,1.01823
0.638473,-0.0261511,0.605119
0.548299,0.0787383,0.51111
0.521742,0.0314287,0.523546
0.511601,0.0363526,0.534329
0.864029,0.092836,0.428296
0.629563,-0.0602513,0.604352
0.712014,-0.00323386,0.545764
0.50098,0.0751483,0.541065
0.511334,0.0506957,0.530517
0.764807,0.205951,0.479522
0.7809,-0.0770119,0.564438
0.677452,0.0797508,0.500833
0.81398,-0.359601,1.10173
0.806925,-0.267992,1.11253
0.68737,-0.00939516,0.586031
0.705566,-0.281844,1.1656
0.750417,-0.161509,0.734251
0.501257,0.0725299,0.548763
0.744604,-0.288098,1.13696
0.49908,0.0678306,0.573637
0.88624,0.0861388,0.479687
0.847694,-0.166544,0.71851
0.817853,0.231034,0.423472
0.498058,0.0726938,0.53942
0.518189,0.0786171,0.520255
0.639621,-0.031545,0.577487
0.729298,-0.326794,1.18817
0.507479,0.0763241,0.560319
0.643666,-0.169361,0.835495
1.00135,-0.340315,1.04783
0.493007,0.0406284,0.644029
0.494312,0.0562263,0.595502
0.522825,0.0479937,0.522966
0.862242,-0.338334,1.10872
0.616305,-0.133841,0.702459
0.610497,-0.0131348,0.579327
0.722608,-0.00361843,0.54211
0.554875,-0.0986268,0.668252
0.545324,0.0666718,0.527552
0.514054,0.0811185,0.523752
0.76064,-0.0938908,0.541434
0.749531,0.000346716,0.55361
0.823581,0.199237,0.493441
0.493859,0.0494292,0.626933
0.580505,-0.10797,0.659734
0.69483,-0.15187,0.73344
0.530054,-0.0344344,0.687334
0.800858,0.0865169,0.491543
0.674332,-0.0171458,0.580671
0.523262,0.0799998,0.566155
0.775881,0.0770669,0.483346
0.540476,-0.0477813,0.640673
0.956864,0.0576012,0.49435
0.942799,0.0930145,0.476236
0.54775,-0.0214892,0.630219
